{
  "version": "2025.11",
  "total": 229,
  "last_updated": "2025-11-11",
  "regions": [
    {"full": "서울특별시 강남구", "city": "서울특별시", "district": "강남구", "keywords": ["서울", "강남", "강남구"]},
    {"full": "서울특별시 강동구", "city": "서울특별시", "district": "강동구", "keywords": ["서울", "강동", "강동구"]},
    {"full": "서울특별시 강북구", "city": "서울특별시", "district": "강북구", "keywords": ["서울", "강북", "강북구"]},
    {"full": "서울특별시 강서구", "city": "서울특별시", "district": "강서구", "keywords": ["서울", "강서", "강서구"]},
    {"full": "서울특별시 관악구", "city": "서울특별시", "district": "관악구", "keywords": ["서울", "관악", "관악구"]},
    {"full": "서울특별시 광진구", "city": "서울특별시", "district": "광진구", "keywords": ["서울", "광진", "광진구"]},
    {"full": "서울특별시 구로구", "city": "서울특별시", "district": "구로구", "keywords": ["서울", "구로", "구로구"]},
    {"full": "서울특별시 금천구", "city": "서울특별시", "district": "금천구", "keywords": ["서울", "금천", "금천구"]},
    {"full": "서울특별시 노원구", "city": "서울특별시", "district": "노원구", "keywords": ["서울", "노원", "노원구"]},
    {"full": "서울특별시 도봉구", "city": "서울특별시", "district": "도봉구", "keywords": ["서울", "도봉", "도봉구"]},
    {"full": "서울특별시 동대문구", "city": "서울특별시", "district": "동대문구", "keywords": ["서울", "동대문", "동대문구"]},
    {"full": "서울특별시 동작구", "city": "서울특별시", "district": "동작구", "keywords": ["서울", "동작", "동작구"]},
    {"full": "서울특별시 마포구", "city": "서울특별시", "district": "마포구", "keywords": ["서울", "마포", "마포구"]},
    {"full": "서울특별시 서대문구", "city": "서울특별시", "district": "서대문구", "keywords": ["서울", "서대문", "서대문구"]},
    {"full": "서울특별시 서초구", "city": "서울특별시", "district": "서초구", "keywords": ["서울", "서초", "서초구"]},
    {"full": "서울특별시 성동구", "city": "서울특별시", "district": "성동구", "keywords": ["서울", "성동", "성동구"]},
    {"full": "서울특별시 성북구", "city": "서울특별시", "district": "성북구", "keywords": ["서울", "성북", "성북구"]},
    {"full": "서울특별시 송파구", "city": "서울특별시", "district": "송파구", "keywords": ["서울", "송파", "송파구"]},
    {"full": "서울특별시 양천구", "city": "서울특별시", "district": "양천구", "keywords": ["서울", "양천", "양천구"]},
    {"full": "서울특별시 영등포구", "city": "서울특별시", "district": "영등포구", "keywords": ["서울", "영등포", "영등포구"]},
    {"full": "서울특별시 용산구", "city": "서울특별시", "district": "용산구", "keywords": ["서울", "용산", "용산구"]},
    {"full": "서울특별시 은평구", "city": "서울특별시", "district": "은평구", "keywords": ["서울", "은평", "은평구"]},
    {"full": "서울특별시 종로구", "city": "서울특별시", "district": "종로구", "keywords": ["서울", "종로", "종로구"]},
    {"full": "서울특별시 중구", "city": "서울특별시", "district": "중구", "keywords": ["서울", "중구"]},
    {"full": "서울특별시 중랑구", "city": "서울특별시", "district": "중랑구", "keywords": ["서울", "중랑", "중랑구"]},
    
    {"full": "부산광역시 강서구", "city": "부산광역시", "district": "강서구", "keywords": ["부산", "강서", "강서구"]},
    {"full": "부산광역시 금정구", "city": "부산광역시", "district": "금정구", "keywords": ["부산", "금정", "금정구"]},
    {"full": "부산광역시 기장군", "city": "부산광역시", "district": "기장군", "keywords": ["부산", "기장", "기장군"]},
    {"full": "부산광역시 남구", "city": "부산광역시", "district": "남구", "keywords": ["부산", "남구"]},
    {"full": "부산광역시 동구", "city": "부산광역시", "district": "동구", "keywords": ["부산", "동구"]},
    {"full": "부산광역시 동래구", "city": "부산광역시", "district": "동래구", "keywords": ["부산", "동래", "동래구"]},
    {"full": "부산광역시 부산진구", "city": "부산광역시", "district": "부산진구", "keywords": ["부산", "부산진", "진구"]},
    {"full": "부산광역시 북구", "city": "부산광역시", "district": "북구", "keywords": ["부산", "북구"]},
    {"full": "부산광역시 사상구", "city": "부산광역시", "district": "사상구", "keywords": ["부산", "사상", "사상구"]},
    {"full": "부산광역시 사하구", "city": "부산광역시", "district": "사하구", "keywords": ["부산", "사하", "사하구"]},
    {"full": "부산광역시 서구", "city": "부산광역시", "district": "서구", "keywords": ["부산", "서구"]},
    {"full": "부산광역시 수영구", "city": "부산광역시", "district": "수영구", "keywords": ["부산", "수영", "수영구"]},
    {"full": "부산광역시 연제구", "city": "부산광역시", "district": "연제구", "keywords": ["부산", "연제", "연제구"]},
    {"full": "부산광역시 영도구", "city": "부산광역시", "district": "영도구", "keywords": ["부산", "영도", "영도구"]},
    {"full": "부산광역시 중구", "city": "부산광역시", "district": "중구", "keywords": ["부산", "중구"]},
    {"full": "부산광역시 해운대구", "city": "부산광역시", "district": "해운대구", "keywords": ["부산", "해운대", "해운대구"]},
    
    {"full": "대구광역시 남구", "city": "대구광역시", "district": "남구", "keywords": ["대구", "남구"]},
    {"full": "대구광역시 달서구", "city": "대구광역시", "district": "달서구", "keywords": ["대구", "달서", "달서구"]},
    {"full": "대구광역시 달성군", "city": "대구광역시", "district": "달성군", "keywords": ["대구", "달성", "달성군"]},
    {"full": "대구광역시 동구", "city": "대구광역시", "district": "동구", "keywords": ["대구", "동구"]},
    {"full": "대구광역시 북구", "city": "대구광역시", "district": "북구", "keywords": ["대구", "북구"]},
    {"full": "대구광역시 서구", "city": "대구광역시", "district": "서구", "keywords": ["대구", "서구"]},
    {"full": "대구광역시 수성구", "city": "대구광역시", "district": "수성구", "keywords": ["대구", "수성", "수성구"]},
    {"full": "대구광역시 중구", "city": "대구광역시", "district": "중구", "keywords": ["대구", "중구"]},
    
    {"full": "인천광역시 강화군", "city": "인천광역시", "district": "강화군", "keywords": ["인천", "강화", "강화군"]},
    {"full": "인천광역시 계양구", "city": "인천광역시", "district": "계양구", "keywords": ["인천", "계양", "계양구"]},
    {"full": "인천광역시 남동구", "city": "인천광역시", "district": "남동구", "keywords": ["인천", "남동", "남동구"]},
    {"full": "인천광역시 동구", "city": "인천광역시", "district": "동구", "keywords": ["인천", "동구"]},
    {"full": "인천광역시 미추홀구", "city": "인천광역시", "district": "미추홀구", "keywords": ["인천", "미추홀", "미추홀구"]},
    {"full": "인천광역시 부평구", "city": "인천광역시", "district": "부평구", "keywords": ["인천", "부평", "부평구"]},
    {"full": "인천광역시 서구", "city": "인천광역시", "district": "서구", "keywords": ["인천", "서구"]},
    {"full": "인천광역시 연수구", "city": "인천광역시", "district": "연수구", "keywords": ["인천", "연수", "연수구"]},
    {"full": "인천광역시 옹진군", "city": "인천광역시", "district": "옹진군", "keywords": ["인천", "옹진", "옹진군"]},
    {"full": "인천광역시 중구", "city": "인천광역시", "district": "중구", "keywords": ["인천", "중구"]},
    
    {"full": "광주광역시 광산구", "city": "광주광역시", "district": "광산구", "keywords": ["광주", "광산", "광산구"]},
    {"full": "광주광역시 남구", "city": "광주광역시", "district": "남구", "keywords": ["광주", "남구"]},
    {"full": "광주광역시 동구", "city": "광주광역시", "district": "동구", "keywords": ["광주", "동구"]},
    {"full": "광주광역시 북구", "city": "광주광역시", "district": "북구", "keywords": ["광주", "북구"]},
    {"full": "광주광역시 서구", "city": "광주광역시", "district": "서구", "keywords": ["광주", "서구"]},
    
    {"full": "대전광역시 대덕구", "city": "대전광역시", "district": "대덕구", "keywords": ["대전", "대덕", "대덕구"]},
    {"full": "대전광역시 동구", "city": "대전광역시", "district": "동구", "keywords": ["대전", "동구"]},
    {"full": "대전광역시 서구", "city": "대전광역시", "district": "서구", "keywords": ["대전", "서구"]},
    {"full": "대전광역시 유성구", "city": "대전광역시", "district": "유성구", "keywords": ["대전", "유성", "유성구"]},
    {"full": "대전광역시 중구", "city": "대전광역시", "district": "중구", "keywords": ["대전", "중구"]},
    
    {"full": "울산광역시 남구", "city": "울산광역시", "district": "남구", "keywords": ["울산", "남구"]},
    {"full": "울산광역시 동구", "city": "울산광역시", "district": "동구", "keywords": ["울산", "동구"]},
    {"full": "울산광역시 북구", "city": "울산광역시", "district": "북구", "keywords": ["울산", "북구"]},
    {"full": "울산광역시 울주군", "city": "울산광역시", "district": "울주군", "keywords": ["울산", "울주", "울주군"]},
    {"full": "울산광역시 중구", "city": "울산광역시", "district": "중구", "keywords": ["울산", "중구"]},
    
    {"full": "세종특별자치시", "city": "세종특별자치시", "district": "", "keywords": ["세종"]},
    
    {"full": "경기도 가평군", "city": "경기도", "district": "가평군", "keywords": ["경기", "가평", "가평군"]},
    {"full": "경기도 고양시 덕양구", "city": "경기도", "district": "고양시 덕양구", "keywords": ["경기", "고양", "덕양", "덕양구"]},
    {"full": "경기도 고양시 일산동구", "city": "경기도", "district": "고양시 일산동구", "keywords": ["경기", "고양", "일산", "일산동", "동구"]},
    {"full": "경기도 고양시 일산서구", "city": "경기도", "district": "고양시 일산서구", "keywords": ["경기", "고양", "일산", "일산서", "서구"]},
    {"full": "경기도 과천시", "city": "경기도", "district": "과천시", "keywords": ["경기", "과천"]},
    {"full": "경기도 광명시", "city": "경기도", "district": "광명시", "keywords": ["경기", "광명"]},
    {"full": "경기도 광주시", "city": "경기도", "district": "광주시", "keywords": ["경기", "광주"]},
    {"full": "경기도 구리시", "city": "경기도", "district": "구리시", "keywords": ["경기", "구리"]},
    {"full": "경기도 군포시", "city": "경기도", "district": "군포시", "keywords": ["경기", "군포"]},
    {"full": "경기도 김포시", "city": "경기도", "district": "김포시", "keywords": ["경기", "김포"]},
    {"full": "경기도 남양주시", "city": "경기도", "district": "남양주시", "keywords": ["경기", "남양주"]},
    {"full": "경기도 동두천시", "city": "경기도", "district": "동두천시", "keywords": ["경기", "동두천"]},
    {"full": "경기도 부천시", "city": "경기도", "district": "부천시", "keywords": ["경기", "부천"]},
    {"full": "경기도 성남시 분당구", "city": "경기도", "district": "성남시 분당구", "keywords": ["경기", "성남", "분당", "분당구"]},
    {"full": "경기도 성남시 수정구", "city": "경기도", "district": "성남시 수정구", "keywords": ["경기", "성남", "수정", "수정구"]},
    {"full": "경기도 성남시 중원구", "city": "경기도", "district": "성남시 중원구", "keywords": ["경기", "성남", "중원", "중원구"]},
    {"full": "경기도 수원시 권선구", "city": "경기도", "district": "수원시 권선구", "keywords": ["경기", "수원", "권선", "권선구"]},
    {"full": "경기도 수원시 영통구", "city": "경기도", "district": "수원시 영통구", "keywords": ["경기", "수원", "영통", "영통구"]},
    {"full": "경기도 수원시 장안구", "city": "경기도", "district": "수원시 장안구", "keywords": ["경기", "수원", "장안", "장안구"]},
    {"full": "경기도 수원시 팔달구", "city": "경기도", "district": "수원시 팔달구", "keywords": ["경기", "수원", "팔달", "팔달구"]},
    {"full": "경기도 시흥시", "city": "경기도", "district": "시흥시", "keywords": ["경기", "시흥"]},
    {"full": "경기도 안산시 단원구", "city": "경기도", "district": "안산시 단원구", "keywords": ["경기", "안산", "단원", "단원구"]},
    {"full": "경기도 안산시 상록구", "city": "경기도", "district": "안산시 상록구", "keywords": ["경기", "안산", "상록", "상록구"]},
    {"full": "경기도 안성시", "city": "경기도", "district": "안성시", "keywords": ["경기", "안성"]},
    {"full": "경기도 안양시 동안구", "city": "경기도", "district": "안양시 동안구", "keywords": ["경기", "안양", "동안", "동안구"]},
    {"full": "경기도 안양시 만안구", "city": "경기도", "district": "안양시 만안구", "keywords": ["경기", "안양", "만안", "만안구"]},
    {"full": "경기도 양주시", "city": "경기도", "district": "양주시", "keywords": ["경기", "양주"]},
    {"full": "경기도 양평군", "city": "경기도", "district": "양평군", "keywords": ["경기", "양평", "양평군"]},
    {"full": "경기도 여주시", "city": "경기도", "district": "여주시", "keywords": ["경기", "여주"]},
    {"full": "경기도 연천군", "city": "경기도", "district": "연천군", "keywords": ["경기", "연천", "연천군"]},
    {"full": "경기도 오산시", "city": "경기도", "district": "오산시", "keywords": ["경기", "오산"]},
    {"full": "경기도 용인시 기흥구", "city": "경기도", "district": "용인시 기흥구", "keywords": ["경기", "용인", "기흥", "기흥구"]},
    {"full": "경기도 용인시 수지구", "city": "경기도", "district": "용인시 수지구", "keywords": ["경기", "용인", "수지", "수지구"]},
    {"full": "경기도 용인시 처인구", "city": "경기도", "district": "용인시 처인구", "keywords": ["경기", "용인", "처인", "처인구"]},
    {"full": "경기도 의왕시", "city": "경기도", "district": "의왕시", "keywords": ["경기", "의왕"]},
    {"full": "경기도 의정부시", "city": "경기도", "district": "의정부시", "keywords": ["경기", "의정부"]},
    {"full": "경기도 이천시", "city": "경기도", "district": "이천시", "keywords": ["경기", "이천"]},
    {"full": "경기도 파주시", "city": "경기도", "district": "파주시", "keywords": ["경기", "파주"]},
    {"full": "경기도 평택시", "city": "경기도", "district": "평택시", "keywords": ["경기", "평택"]},
    {"full": "경기도 포천시", "city": "경기도", "district": "포천시", "keywords": ["경기", "포천"]},
    {"full": "경기도 하남시", "city": "경기도", "district": "하남시", "keywords": ["경기", "하남"]},
    {"full": "경기도 화성시", "city": "경기도", "district": "화성시", "keywords": ["경기", "화성"]},
    
    {"full": "강원특별자치도 강릉시", "city": "강원특별자치도", "district": "강릉시", "keywords": ["강원", "강릉"]},
    {"full": "강원특별자치도 고성군", "city": "강원특별자치도", "district": "고성군", "keywords": ["강원", "고성", "고성군"]},
    {"full": "강원특별자치도 동해시", "city": "강원특별자치도", "district": "동해시", "keywords": ["강원", "동해"]},
    {"full": "강원특별자치도 삼척시", "city": "강원특별자치도", "district": "삼척시", "keywords": ["강원", "삼척"]},
    {"full": "강원특별자치도 속초시", "city": "강원특별자치도", "district": "속초시", "keywords": ["강원", "속초"]},
    {"full": "강원특별자치도 양구군", "city": "강원특별자치도", "district": "양구군", "keywords": ["강원", "양구", "양구군"]},
    {"full": "강원특별자치도 양양군", "city": "강원특별자치도", "district": "양양군", "keywords": ["강원", "양양", "양양군"]},
    {"full": "강원특별자치도 영월군", "city": "강원특별자치도", "district": "영월군", "keywords": ["강원", "영월", "영월군"]},
    {"full": "강원특별자치도 원주시", "city": "강원특별자치도", "district": "원주시", "keywords": ["강원", "원주"]},
    {"full": "강원특별자치도 인제군", "city": "강원특별자치도", "district": "인제군", "keywords": ["강원", "인제", "인제군"]},
    {"full": "강원특별자치도 정선군", "city": "강원특별자치도", "district": "정선군", "keywords": ["강원", "정선", "정선군"]},
    {"full": "강원특별자치도 철원군", "city": "강원특별자치도", "district": "철원군", "keywords": ["강원", "철원", "철원군"]},
    {"full": "강원특별자치도 춘천시", "city": "강원특별자치도", "district": "춘천시", "keywords": ["강원", "춘천"]},
    {"full": "강원특별자치도 태백시", "city": "강원특별자치도", "district": "태백시", "keywords": ["강원", "태백"]},
    {"full": "강원특별자치도 평창군", "city": "강원특별자치도", "district": "평창군", "keywords": ["강원", "평창", "평창군"]},
    {"full": "강원특별자치도 홍천군", "city": "강원특별자치도", "district": "홍천군", "keywords": ["강원", "홍천", "홍천군"]},
    {"full": "강원특별자치도 화천군", "city": "강원특별자치도", "district": "화천군", "keywords": ["강원", "화천", "화천군"]},
    {"full": "강원특별자치도 횡성군", "city": "강원특별자치도", "district": "횡성군", "keywords": ["강원", "횡성", "횡성군"]},
    
    {"full": "충청북도 괴산군", "city": "충청북도", "district": "괴산군", "keywords": ["충북", "괴산", "괴산군"]},
    {"full": "충청북도 단양군", "city": "충청북도", "district": "단양군", "keywords": ["충북", "단양", "단양군"]},
    {"full": "충청북도 보은군", "city": "충청북도", "district": "보은군", "keywords": ["충북", "보은", "보은군"]},
    {"full": "충청북도 영동군", "city": "충청북도", "district": "영동군", "keywords": ["충북", "영동", "영동군"]},
    {"full": "충청북도 옥천군", "city": "충청북도", "district": "옥천군", "keywords": ["충북", "옥천", "옥천군"]},
    {"full": "충청북도 음성군", "city": "충청북도", "district": "음성군", "keywords": ["충북", "음성", "음성군"]},
    {"full": "충청북도 제천시", "city": "충청북도", "district": "제천시", "keywords": ["충북", "제천"]},
    {"full": "충청북도 증평군", "city": "충청북도", "district": "증평군", "keywords": ["충북", "증평", "증평군"]},
    {"full": "충청북도 진천군", "city": "충청북도", "district": "진천군", "keywords": ["충북", "진천", "진천군"]},
    {"full": "충청북도 청주시 상당구", "city": "충청북도", "district": "청주시 상당구", "keywords": ["충북", "청주", "상당", "상당구"]},
    {"full": "충청북도 청주시 서원구", "city": "충청북도", "district": "청주시 서원구", "keywords": ["충북", "청주", "서원", "서원구"]},
    {"full": "충청북도 청주시 청원구", "city": "충청북도", "district": "청주시 청원구", "keywords": ["충북", "청주", "청원", "청원구"]},
    {"full": "충청북도 청주시 흥덕구", "city": "충청북도", "district": "청주시 흥덕구", "keywords": ["충북", "청주", "흥덕", "흥덕구"]},
    {"full": "충청북도 충주시", "city": "충청북도", "district": "충주시", "keywords": ["충북", "충주"]},
    
    {"full": "충청남도 계룡시", "city": "충청남도", "district": "계룡시", "keywords": ["충남", "계룡"]},
    {"full": "충청남도 공주시", "city": "충청남도", "district": "공주시", "keywords": ["충남", "공주"]},
    {"full": "충청남도 금산군", "city": "충청남도", "district": "금산군", "keywords": ["충남", "금산", "금산군"]},
    {"full": "충청남도 논산시", "city": "충청남도", "district": "논산시", "keywords": ["충남", "논산"]},
    {"full": "충청남도 당진시", "city": "충청남도", "district": "당진시", "keywords": ["충남", "당진"]},
    {"full": "충청남도 보령시", "city": "충청남도", "district": "보령시", "keywords": ["충남", "보령"]},
    {"full": "충청남도 부여군", "city": "충청남도", "district": "부여군", "keywords": ["충남", "부여", "부여군"]},
    {"full": "충청남도 서산시", "city": "충청남도", "district": "서산시", "keywords": ["충남", "서산"]},
    {"full": "충청남도 서천군", "city": "충청남도", "district": "서천군", "keywords": ["충남", "서천", "서천군"]},
    {"full": "충청남도 아산시", "city": "충청남도", "district": "아산시", "keywords": ["충남", "아산"]},
    {"full": "충청남도 예산군", "city": "충청남도", "district": "예산군", "keywords": ["충남", "예산", "예산군"]},
    {"full": "충청남도 천안시 동남구", "city": "충청남도", "district": "천안시 동남구", "keywords": ["충남", "천안", "동남", "동남구"]},
    {"full": "충청남도 천안시 서북구", "city": "충청남도", "district": "천안시 서북구", "keywords": ["충남", "천안", "서북", "서북구"]},
    {"full": "충청남도 청양군", "city": "충청남도", "district": "청양군", "keywords": ["충남", "청양", "청양군"]},
    {"full": "충청남도 태안군", "city": "충청남도", "district": "태안군", "keywords": ["충남", "태안", "태안군"]},
    {"full": "충청남도 홍성군", "city": "충청남도", "district": "홍성군", "keywords": ["충남", "홍성", "홍성군"]},
    
    {"full": "전북특별자치도 고창군", "city": "전북특별자치도", "district": "고창군", "keywords": ["전북", "고창", "고창군"]},
    {"full": "전북특별자치도 군산시", "city": "전북특별자치도", "district": "군산시", "keywords": ["전북", "군산"]},
    {"full": "전북특별자치도 김제시", "city": "전북특별자치도", "district": "김제시", "keywords": ["전북", "김제"]},
    {"full": "전북특별자치도 남원시", "city": "전북특별자치도", "district": "남원시", "keywords": ["전북", "남원"]},
    {"full": "전북특별자치도 무주군", "city": "전북특별자치도", "district": "무주군", "keywords": ["전북", "무주", "무주군"]},
    {"full": "전북특별자치도 부안군", "city": "전북특별자치도", "district": "부안군", "keywords": ["전북", "부안", "부안군"]},
    {"full": "전북특별자치도 순창군", "city": "전북특별자치도", "district": "순창군", "keywords": ["전북", "순창", "순창군"]},
    {"full": "전북특별자치도 완주군", "city": "전북특별자치도", "district": "완주군", "keywords": ["전북", "완주", "완주군"]},
    {"full": "전북특별자치도 익산시", "city": "전북특별자치도", "district": "익산시", "keywords": ["전북", "익산"]},
    {"full": "전북특별자치도 임실군", "city": "전북특별자치도", "district": "임실군", "keywords": ["전북", "임실", "임실군"]},
    {"full": "전북특별자치도 장수군", "city": "전북특별자치도", "district": "장수군", "keywords": ["전북", "장수", "장수군"]},
    {"full": "전북특별자치도 전주시 덕진구", "city": "전북특별자치도", "district": "전주시 덕진구", "keywords": ["전북", "전주", "덕진", "덕진구"]},
    {"full": "전북특별자치도 전주시 완산구", "city": "전북특별자치도", "district": "전주시 완산구", "keywords": ["전북", "전주", "완산", "완산구"]},
    {"full": "전북특별자치도 정읍시", "city": "전북특별자치도", "district": "정읍시", "keywords": ["전북", "정읍"]},
    {"full": "전북특별자치도 진안군", "city": "전북특별자치도", "district": "진안군", "keywords": ["전북", "진안", "진안군"]},
    
    {"full": "전라남도 강진군", "city": "전라남도", "district": "강진군", "keywords": ["전남", "강진", "강진군"]},
    {"full": "전라남도 고흥군", "city": "전라남도", "district": "고흥군", "keywords": ["전남", "고흥", "고흥군"]},
    {"full": "전라남도 곡성군", "city": "전라남도", "district": "곡성군", "keywords": ["전남", "곡성", "곡성군"]},
    {"full": "전라남도 광양시", "city": "전라남도", "district": "광양시", "keywords": ["전남", "광양"]},
    {"full": "전라남도 구례군", "city": "전라남도", "district": "구례군", "keywords": ["전남", "구례", "구례군"]},
    {"full": "전라남도 나주시", "city": "전라남도", "district": "나주시", "keywords": ["전남", "나주"]},
    {"full": "전라남도 담양군", "city": "전라남도", "district": "담양군", "keywords": ["전남", "담양", "담양군"]},
    {"full": "전라남도 목포시", "city": "전라남도", "district": "목포시", "keywords": ["전남", "목포"]},
    {"full": "전라남도 무안군", "city": "전라남도", "district": "무안군", "keywords": ["전남", "무안", "무안군"]},
    {"full": "전라남도 보성군", "city": "전라남도", "district": "보성군", "keywords": ["전남", "보성", "보성군"]},
    {"full": "전라남도 순천시", "city": "전라남도", "district": "순천시", "keywords": ["전남", "순천"]},
    {"full": "전라남도 신안군", "city": "전라남도", "district": "신안군", "keywords": ["전남", "신안", "신안군"]},
    {"full": "전라남도 여수시", "city": "전라남도", "district": "여수시", "keywords": ["전남", "여수"]},
    {"full": "전라남도 영광군", "city": "전라남도", "district": "영광군", "keywords": ["전남", "영광", "영광군"]},
    {"full": "전라남도 영암군", "city": "전라남도", "district": "영암군", "keywords": ["전남", "영암", "영암군"]},
    {"full": "전라남도 완도군", "city": "전라남도", "district": "완도군", "keywords": ["전남", "완도", "완도군"]},
    {"full": "전라남도 장성군", "city": "전라남도", "district": "장성군", "keywords": ["전남", "장성", "장성군"]},
    {"full": "전라남도 장흥군", "city": "전라남도", "district": "장흥군", "keywords": ["전남", "장흥", "장흥군"]},
    {"full": "전라남도 진도군", "city": "전라남도", "district": "진도군", "keywords": ["전남", "진도", "진도군"]},
    {"full": "전라남도 함평군", "city": "전라남도", "district": "함평군", "keywords": ["전남", "함평", "함평군"]},
    {"full": "전라남도 해남군", "city": "전라남도", "district": "해남군", "keywords": ["전남", "해남", "해남군"]},
    {"full": "전라남도 화순군", "city": "전라남도", "district": "화순군", "keywords": ["전남", "화순", "화순군"]},
    
    {"full": "경상북도 경산시", "city": "경상북도", "district": "경산시", "keywords": ["경북", "경산"]},
    {"full": "경상북도 경주시", "city": "경상북도", "district": "경주시", "keywords": ["경북", "경주"]},
    {"full": "경상북도 고령군", "city": "경상북도", "district": "고령군", "keywords": ["경북", "고령", "고령군"]},
    {"full": "경상북도 구미시", "city": "경상북도", "district": "구미시", "keywords": ["경북", "구미"]},
    {"full": "경상북도 군위군", "city": "경상북도", "district": "군위군", "keywords": ["경북", "군위", "군위군"]},
    {"full": "경상북도 김천시", "city": "경상북도", "district": "김천시", "keywords": ["경북", "김천"]},
    {"full": "경상북도 문경시", "city": "경상북도", "district": "문경시", "keywords": ["경북", "문경"]},
    {"full": "경상북도 봉화군", "city": "경상북도", "district": "봉화군", "keywords": ["경북", "봉화", "봉화군"]},
    {"full": "경상북도 상주시", "city": "경상북도", "district": "상주시", "keywords": ["경북", "상주"]},
    {"full": "경상북도 성주군", "city": "경상북도", "district": "성주군", "keywords": ["경북", "성주", "성주군"]},
    {"full": "경상북도 안동시", "city": "경상북도", "district": "안동시", "keywords": ["경북", "안동"]},
    {"full": "경상북도 영덕군", "city": "경상북도", "district": "영덕군", "keywords": ["경북", "영덕", "영덕군"]},
    {"full": "경상북도 영양군", "city": "경상북도", "district": "영양군", "keywords": ["경북", "영양", "영양군"]},
    {"full": "경상북도 영주시", "city": "경상북도", "district": "영주시", "keywords": ["경북", "영주"]},
    {"full": "경상북도 영천시", "city": "경상북도", "district": "영천시", "keywords": ["경북", "영천"]},
    {"full": "경상북도 예천군", "city": "경상북도", "district": "예천군", "keywords": ["경북", "예천", "예천군"]},
    {"full": "경상북도 울릉군", "city": "경상북도", "district": "울릉군", "keywords": ["경북", "울릉", "울릉군"]},
    {"full": "경상북도 울진군", "city": "경상북도", "district": "울진군", "keywords": ["경북", "울진", "울진군"]},
    {"full": "경상북도 의성군", "city": "경상북도", "district": "의성군", "keywords": ["경북", "의성", "의성군"]},
    {"full": "경상북도 청도군", "city": "경상북도", "district": "청도군", "keywords": ["경북", "청도", "청도군"]},
    {"full": "경상북도 청송군", "city": "경상북도", "district": "청송군", "keywords": ["경북", "청송", "청송군"]},
    {"full": "경상북도 칠곡군", "city": "경상북도", "district": "칠곡군", "keywords": ["경북", "칠곡", "칠곡군"]},
    {"full": "경상북도 포항시 남구", "city": "경상북도", "district": "포항시 남구", "keywords": ["경북", "포항", "남구"]},
    {"full": "경상북도 포항시 북구", "city": "경상북도", "district": "포항시 북구", "keywords": ["경북", "포항", "북구"]},
    
    {"full": "경상남도 거제시", "city": "경상남도", "district": "거제시", "keywords": ["경남", "거제"]},
    {"full": "경상남도 거창군", "city": "경상남도", "district": "거창군", "keywords": ["경남", "거창", "거창군"]},
    {"full": "경상남도 고성군", "city": "경상남도", "district": "고성군", "keywords": ["경남", "고성", "고성군"]},
    {"full": "경상남도 김해시", "city": "경상남도", "district": "김해시", "keywords": ["경남", "김해"]},
    {"full": "경상남도 남해군", "city": "경상남도", "district": "남해군", "keywords": ["경남", "남해", "남해군"]},
    {"full": "경상남도 밀양시", "city": "경상남도", "district": "밀양시", "keywords": ["경남", "밀양"]},
    {"full": "경상남도 사천시", "city": "경상남도", "district": "사천시", "keywords": ["경남", "사천"]},
    {"full": "경상남도 산청군", "city": "경상남도", "district": "산청군", "keywords": ["경남", "산청", "산청군"]},
    {"full": "경상남도 양산시", "city": "경상남도", "district": "양산시", "keywords": ["경남", "양산"]},
    {"full": "경상남도 의령군", "city": "경상남도", "district": "의령군", "keywords": ["경남", "의령", "의령군"]},
    {"full": "경상남도 진주시", "city": "경상남도", "district": "진주시", "keywords": ["경남", "진주"]},
    {"full": "경상남도 창녕군", "city": "경상남도", "district": "창녕군", "keywords": ["경남", "창녕", "창녕군"]},
    {"full": "경상남도 창원시 마산합포구", "city": "경상남도", "district": "창원시 마산합포구", "keywords": ["경남", "창원", "마산", "합포", "합포구"]},
    {"full": "경상남도 창원시 마산회원구", "city": "경상남도", "district": "창원시 마산회원구", "keywords": ["경남", "창원", "마산", "회원", "회원구"]},
    {"full": "경상남도 창원시 성산구", "city": "경상남도", "district": "창원시 성산구", "keywords": ["경남", "창원", "성산", "성산구"]},
    {"full": "경상남도 창원시 의창구", "city": "경상남도", "district": "창원시 의창구", "keywords": ["경남", "창원", "의창", "의창구"]},
    {"full": "경상남도 창원시 진해구", "city": "경상남도", "district": "창원시 진해구", "keywords": ["경남", "창원", "진해", "진해구"]},
    {"full": "경상남도 통영시", "city": "경상남도", "district": "통영시", "keywords": ["경남", "통영"]},
    {"full": "경상남도 하동군", "city": "경상남도", "district": "하동군", "keywords": ["경남", "하동", "하동군"]},
    {"full": "경상남도 함안군", "city": "경상남도", "district": "함안군", "keywords": ["경남", "함안", "함안군"]},
    {"full": "경상남도 함양군", "city": "경상남도", "district": "함양군", "keywords": ["경남", "함양", "함양군"]},
    {"full": "경상남도 합천군", "city": "경상남도", "district": "합천군", "keywords": ["경남", "합천", "합천군"]},
    
    {"full": "제주특별자치도 제주시", "city": "제주특별자치도", "district": "제주시", "keywords": ["제주", "제주시"]},
    {"full": "제주특별자치도 서귀포시", "city": "제주특별자치도", "district": "서귀포시", "keywords": ["제주", "서귀포"]}
  ]
}
